kode_proyek,nama_proyek,lokasi_proyek,divisi,email_dh,email_gm,email_dm,email_sc,nama_pic,email_pic,no_hp_pic,password_pic
202201001,GREENHILL RESORT PHASE-2 JIMBARAN VILLA R.1,JL. KARANG MAS SEJAHTERA NO. 1A. JIMBARAN. BALI 80361,ME,ito@tsrt.co.id,tio@tsrt.co.id,benny@tsrt.co.id,vebry@tsrt.co.id,CHRIS SANDRYAN,chris@tsrt.co.id,201300173,P@ssw0rd
202201038,JIMBARAN GREENHILL VILLA R.02. R.03. R.04,JL. KARANG MAS SEJAHTERA NO. 1A. JIMBARAN. KUTA SELATAN. BALI 80361,ME,ito@tsrt.co.id,tio@tsrt.co.id,benny@tsrt.co.id,vebry@tsrt.co.id,CHRIS SANDRYAN,chris@tsrt.co.id,201300173,P@ssw0rd
202301039,JIMBARAN GREENHILL VILLA R.05. R.06. R.07. R.08. R.09,JL. KARANG MAS SEJAHTERA NO. 1A. JIMBARAN. KUTA SELATAN. BALI 80361,ME,ito@tsrt.co.id,tio@tsrt.co.id,benny@tsrt.co.id,vebry@tsrt.co.id,CHRIS SANDRYAN,chris@tsrt.co.id,201300173,P@ssw0rd
202301087,JOTUN WATER BASED PRODUCTION FACILITY (MEP SERVICE) PHASE 2,KAWASAN INDUSTRI MM2100 BLOK KK-1. JATIWANGI CIKARANG BARAT. KAB. BEKASI. JAWA BARAT 17846,ME,ito@tsrt.co.id,tio@tsrt.co.id,benny@tsrt.co.id,vebry@tsrt.co.id,VEBRY ERONY TWOSAPUTRA,vebry@tsrt.co.id,200300019,P@ssw0rd
202401022,LOTTE EXTENSION FACTORY PACK-1,MM2100 INDUSTRIAL TOWN BLOK E 3 GANDAMEKAR CIKARANG BARAT BEKASI 17530,ME,ito@tsrt.co.id,tio@tsrt.co.id,benny@tsrt.co.id,senswedy@tsrt.co.id,EKO BUDI PRAWOTO,ekobudi@tsrt.co.id,200600030,P@ssw0rd
202401026,JKT09 MAIN WORK ( ADMIN AREA ),KAWASAN INDUSTRI KIIC. JL. INDUSTRI II LOT MM 21 - 22. DESA MARGAMULYA KECAMATAN TELUKJAMBE BARAT. KARAWANG JAWA BARAT 41361,ME,ito@tsrt.co.id,tio@tsrt.co.id,benny@tsrt.co.id,heriyanto@tsrt.co.id,A. NAFI DWI DEXA ATMAJA,anafidexa@yahoo.co.id,201200117,P@ssw0rd
202401046,JKT2 ANNEX - NTT GLOBAL DATA CENTERS INDONESIA,JL. KAPTEN TENDEAN NO. 20C RT 1/ RW 3 KUNINGAN BARAT KEC. MAMPANG PRAPATAN KOTA JAKSEL 1207920,ME,ito@tsrt.co.id,tio@tsrt.co.id,benny@tsrt.co.id,vebry@tsrt.co.id,VICTOR ANTON RUBBY MARPAUNG ,victor@tsrt.co.id,201200269,P@ssw0rd
202401067,ADM VISITOR ROUTE,KAWASAN INDUSTRY SCCI JL. SURYA PRATAMA KAV. 47-57 CIAMPEL KARAWANG TIMUR,ME,ito@tsrt.co.id,tio@tsrt.co.id,benny@tsrt.co.id,heriyanto@tsrt.co.id,ANDRY APRIONI SUBCHAN,andry@tsrt.co.id,201200240,P@ssw0rd
202401087,GTN JKT02 - TRENCH 3. L1 ( WIRING & TERMINATION WORK ),LIPPO CIKARANG. JL. MATARAM NO. 6A. CIBATU. CIKARANG SELATAN. KAB. BEKASI. JAWA BARAT 17530,ME,ito@tsrt.co.id,tio@tsrt.co.id,benny@tsrt.co.id,vebry@tsrt.co.id,RIO STEVANO,rio@tsrt.co.id,201000132,P@ssw0rd
202401088,SUMMITMAS II - REPLACEMENT FIRE PUMP,JL.JEND.SUDIRMAN KAV 61-62. KEL. SENAYAN KEBAYORAN BARU JAKARTA SELATAN DKI JAKARTA - 12190,ME,ito@tsrt.co.id,tio@tsrt.co.id,benny@tsrt.co.id,lutherson@tsrt.co.id,MAULIDYAS GHESIT TRENGGINAS KUSPUTRA I.           ,maulidyas@tsrt.co.id,201200121,P@ssw0rd
202501012,GIVAUDAN KARTINI,JL. CIBENDA RAYA NAGASARI DELTAMAS BEKASI,ME,ito@tsrt.co.id,tio@tsrt.co.id,benny@tsrt.co.id,vebry@tsrt.co.id,MOHAMMAD AGUNG WIJAYA,agungwijaya@tsrt.co.id,200500160,P@ssw0rd
202501023,SURABAYA AUTOCOMP INDONESIA ADDITIONAL AC ALT-1,NGORO INDUSTRI PERSADA T-1. NGORO-NGORO.KAB.MOJOKERTO 61385,ME,ito@tsrt.co.id,tio@tsrt.co.id,benny@tsrt.co.id,vebry@tsrt.co.id,FARISKI HADI SAPUTRO,fariski@tsrt.co.id,201200250,P@ssw0rd
202501025,APARTEMENT SENAYAN TOWER A INDOOR HYDRANT BOX,SENTRAL SENAYAN. JL. ASIA AFRIKA NO. 8. GBK. SENAYAN JAKARTA 10270,ME,ito@tsrt.co.id,tio@tsrt.co.id,benny@tsrt.co.id,lutherson@tsrt.co.id,Bayu Herdiansyah,bayu_herdi@tsrt.co.id,201200043,P@ssw0rd
202501027,SOLAR CELL FOR SENTRAL SENAYAN III - ANNEX CAR PARK,SENTRAL SENAYAN. JL. ASIA AFRIKA NO. 8. GBK. SENAYAN JAKARTA 10270,ME,ito@tsrt.co.id,tio@tsrt.co.id,benny@tsrt.co.id,lutherson@tsrt.co.id,Bayu Herdiansyah,bayu_herdi@tsrt.co.id,201200043,P@ssw0rd
202501030,KYOKUTO INDOMOBIL MANUFACTURING INDONESIA PHASE II,KOTA BUKIT INDAH CITY BLOK D-III NO. 1 DANGDEUR - BUNGUR SARI PURWAKARTA - JAWA BARAT,ME,ito@tsrt.co.id,tio@tsrt.co.id,benny@tsrt.co.id,heriyanto@tsrt.co.id,DINI CAHYO NUGROHO,dini@tsrt.co.id,200900139,P@ssw0rd
202501032,PLAZA SENAYAN - FACADE LIGHTING,JL. ASIA AFRIKA NO. 8 GELORA BUNG KARNO - SENAYAN JAKARTA PUSAT 10270,ME,ito@tsrt.co.id,tio@tsrt.co.id,benny@tsrt.co.id,lutherson@tsrt.co.id,PERMANA,permana@tsrt.co.id,200600133,P@ssw0rd
202501039,FUJIKURA KASEI INDONESIA,JL. INDUSTRI III BLOK AC NO. 68 BUNDER KAB. TANGERANG 15710,ME,ito@tsrt.co.id,tio@tsrt.co.id,benny@tsrt.co.id,lutherson@tsrt.co.id,RAHMAT HIDAYAT,rahmat_hidayat@tsrt.co.id,201200262,P@ssw0rd
202501040,PICID MM2100,KAWASAN INDUSTRI MM2100 BLOK O-1 GANDA MEKAR GANDA MEKAR CIKARANG BARAT KAB BEKASI JAWA BARAT 17520,ME,ito@tsrt.co.id,tio@tsrt.co.id,benny@tsrt.co.id,senswedy@tsrt.co.id,RICKY FERNANDO,ricky@tsrt.co.id,201100049,P@ssw0rd
202501042,PLAZA SENAYAN - THE BALLROOM,JL. ASIA AFRIKA NO. 8 GELORA BUNG KARNO - SENAYAN JAKARTA PUSAT 10270,ME,ito@tsrt.co.id,tio@tsrt.co.id,benny@tsrt.co.id,lutherson@tsrt.co.id,EKO BUDI PRAWOTO,ekobudi@tsrt.co.id,200600030,P@ssw0rd
202501049,MEIWA KOGYO INDONESIA,JL. MALIGI IV LOT K-1D. SUKALUYU. TELUKJAMBE TIMUR. KAB. KARAWANG BARAT. JAWA BARAT. 41361,ME,ito@tsrt.co.id,tio@tsrt.co.id,benny@tsrt.co.id,heriyanto@tsrt.co.id,BUDHIAWAN CAHYO,budhi@tsrt.co.id,201100042,P@ssw0rd
202501053,SENTRAL SENAYAN I - RENEWAL FIRE ALARM,JL. ASIA AFRIKA NO. 8 GELORA BUNG KARNO - SENAYAN JAKARTA PUSAT 10270,ME,ito@tsrt.co.id,tio@tsrt.co.id,benny@tsrt.co.id,lutherson@tsrt.co.id,PERMANA,permana@tsrt.co.id,200600133,P@ssw0rd
202501054,SENAYAN TRIKARYA SEMPANA - RUBY GALLERRY 2ND FL PLAZA SENAYAN,JL. ASIA AFRIKA NO. 8 GELORA BUNG KARNO - SENAYAN JAKARTA PUSAT 10270,ME,ito@tsrt.co.id,tio@tsrt.co.id,benny@tsrt.co.id,lutherson@tsrt.co.id,PERMANA,permana@tsrt.co.id,200600133,P@ssw0rd
202501056,EDS MANUFACTURING INDONESIA,JL. RAYA SERANG KM 24 BALARAJA BALARAJA KAB. TANGERANG BANTEN,ME,ito@tsrt.co.id,tio@tsrt.co.id,benny@tsrt.co.id,lutherson@tsrt.co.id,MAULIDYAS GHESIT TRENGGINAS KUSPUTRA I.           ,maulidyas@tsrt.co.id,201200121,P@ssw0rd
202501059,BAYER INDONESIA,JL. RAYA BOGOR KM 32 CISALAK PASAR CIMANGGIS KOTA DEPOK JAWA BARAT 16452,ME,ito@tsrt.co.id,tio@tsrt.co.id,benny@tsrt.co.id,vebry@tsrt.co.id,TARNOJA,tarnaja@tsrt.co.id,200700010,P@ssw0rd
202501060,YKK ZIPPER INDONESIA,KP. MERIUK. DS. GANDASARI. KEC. CIKARANG BARAT. BEKASI 17520,ME,ito@tsrt.co.id,tio@tsrt.co.id,benny@tsrt.co.id,senswedy@tsrt.co.id,RICKY FERNANDO,ricky@tsrt.co.id,201100049,P@ssw0rd
202501062,APARTEMEN TOWER A,JL. ASIA AFRIKA NO. 8 GELORA BUNG KARNO - SENAYAN JAKARTA PUSAT 10270,ME,ito@tsrt.co.id,tio@tsrt.co.id,benny@tsrt.co.id,lutherson@tsrt.co.id,EKO BUDI PRAWOTO,ekobudi@tsrt.co.id,200600030,P@ssw0rd
202501063,PICID COOLING TOWER FACTORY-2,JL. RAYA JAKARTA BOGOR KM. 35 SUKAMAJU BARU TAPOS DEPOK JAWA BARAT 16455,ME,ito@tsrt.co.id,tio@tsrt.co.id,benny@tsrt.co.id,lutherson@tsrt.co.id,HARUN RAHARJO,harun@tsrt.co.id,201100196,P@ssw0rd
202501067,TMMIN PLANT-3,JL. TRANS HEKSA LOT KJIE. TELUK JAMBE. KARAWANG BARAT,ME,ito@tsrt.co.id,tio@tsrt.co.id,benny@tsrt.co.id,heriyanto@tsrt.co.id,ANDRY APRIONI SUBCHAN,andry@tsrt.co.id,201200240,P@ssw0rd
202501068,SENAYAN TRIKARYA SEMPANA RUBY GALLERY 3RD FLOOR - PLAZA SENAYAN,SENTRAL SENAYAN. JL. ASIA AFRIKA NO. 8. GBK. SENAYAN JAKARTA 10270,ME,ito@tsrt.co.id,tio@tsrt.co.id,benny@tsrt.co.id,lutherson@tsrt.co.id,PERMANA,permana@tsrt.co.id,200600133,P@ssw0rd
202501069,PICID CIMANGGIS - PRODUCTION FACTORY-3 (DISPERSION ROOM),JL. RAYA JAKARTA BOGOR KM. 35 SUKAMAJU BARU TAPOS DEPOK JAWA BARAT 16455,ME,ito@tsrt.co.id,tio@tsrt.co.id,benny@tsrt.co.id,lutherson@tsrt.co.id,HARUN RAHARJO,harun@tsrt.co.id,201100196,P@ssw0rd
202501071,DATA CENTER CGK063 (SLO),KAWASAN INDUSTRI KIIC. JL. INDUSTRI II LOT MM 21 - 22. DESA MARGAMULYA KECAMATAN TELUKJAMBE BARAT. KARAWANG JAWA BARAT 41361,ME,ito@tsrt.co.id,tio@tsrt.co.id,benny@tsrt.co.id,heriyanto@tsrt.co.id,BUDHIAWAN CAHYO,budhi@tsrt.co.id,201100042,P@ssw0rd
202501072,PICID MM2100 STEP-2 (POLY-C AREA WORKS),KAWASAN INDUSTRI MM2100 BLOK O-1 GANDA MEKAR GANDA MEKAR CIKARANG BARAT KAB BEKASI JAWA BARAT 17520,ME,ito@tsrt.co.id,tio@tsrt.co.id,benny@tsrt.co.id,senswedy@tsrt.co.id,RICKY FERNANDO,ricky@tsrt.co.id,201100049,P@ssw0rd
202501075,PLAZA SENAYAN,JL. ASIA AFRIKA NO. 8 GELORA BUNG KARNO - SENAYAN JAKARTA PUSAT 10270,ME,ito@tsrt.co.id,tio@tsrt.co.id,benny@tsrt.co.id,lutherson@tsrt.co.id,PERMANA,permana@tsrt.co.id,200600133,P@ssw0rd
202501076,TMMIN PLANT#3,JL. TRANS HEKSA LOT KJIE. TELUK JAMBE. KARAWANG BARAT,ME,ito@tsrt.co.id,tio@tsrt.co.id,benny@tsrt.co.id,heriyanto@tsrt.co.id,SAKAM,sakam@tsrt.co.id,200000039,P@ssw0rd
202501077,TMMIN PLANT#1,JL. PERMATA RAYA LOT DD I KAWASAN INDUSTRI KIIC KARAWANG,ME,ito@tsrt.co.id,tio@tsrt.co.id,benny@tsrt.co.id,heriyanto@tsrt.co.id,SAKAM,sakam@tsrt.co.id,200000039,P@ssw0rd
202501078,PICID MM2100 STEP-1,KAWASAN INDUSTRI MM2100 BLOK O-1 GANDA MEKAR GANDA MEKAR CIKARANG BARAT KAB BEKASI JAWA BARAT 17520,ME,ito@tsrt.co.id,tio@tsrt.co.id,benny@tsrt.co.id,senswedy@tsrt.co.id,RICKY FERNANDO,ricky@tsrt.co.id,201100049,P@ssw0rd
202501082,KANSAI PAINT INDONESIA,BLOK DD-7 & DD-6 KAWASAN INDUSTRI MM2100 DANAUINDAH CIKARANG BARAT KAB. BEKASI JAWA BARAT - 17847,ME,ito@tsrt.co.id,tio@tsrt.co.id,benny@tsrt.co.id,senswedy@tsrt.co.id,NUGRAHA ARDI SEPTIAN,nugraha@tsrt.co.id,201300183,P@ssw0rd
202501083,SURABAYA AUTOCOM INDONESIA,NGORO INDUSTRI PERSADA T-1. NGORO-NGORO.KAB.MOJOKERTO 61385,ME,ito@tsrt.co.id,tio@tsrt.co.id,benny@tsrt.co.id,vebry@tsrt.co.id,FARISKI HADI SAPUTRO,fariski@tsrt.co.id,201200250,P@ssw0rd
202501084,PICID CIMANGGIS - COLD STORAGE MIXING POLY-C,JL. RAYA JAKARTA BOGOR KM. 35 SUKAMAJU BARU TAPOS DEPOK JAWA BARAT 16455,ME,ito@tsrt.co.id,tio@tsrt.co.id,benny@tsrt.co.id,lutherson@tsrt.co.id,HARUN RAHARJO,harun@tsrt.co.id,201100196,P@ssw0rd
202501085,YPMI - TRAFO 400KVA,JL.PERMATA RAYA LOT F2&F6 KAWASAN INDUSTRI KIIC PO.BOX 157. KARAWANG - JAWA BARAT 41361,ME,ito@tsrt.co.id,tio@tsrt.co.id,benny@tsrt.co.id,heriyanto@tsrt.co.id,SHALAHUDDIN,shalahuddin@tsrt.co.id,200400278,P@ssw0rd
202501087,SUMMITMAS II - RENOVATION TOILET,JL.JEND.SUDIRMAN KAV 61-62. KEL. SENAYAN KEBAYORAN BARU JAKARTA SELATAN DKI JAKARTA - 12190,ME,ito@tsrt.co.id,tio@tsrt.co.id,benny@tsrt.co.id,lutherson@tsrt.co.id,MAULIDYAS GHESIT TRENGGINAS KUSPUTRA I.           ,maulidyas@tsrt.co.id,201200121,P@ssw0rd
202501088,SUGITY CREATIVES - KARAWANG,KAWASAN INDUSTRI KIIC. JL. PERMATA 3. TELUKJAMBE TIMUR. KABUPATEN KARAWANG. JAWA BARAT 41361,ME,ito@tsrt.co.id,tio@tsrt.co.id,benny@tsrt.co.id,heriyanto@tsrt.co.id,SHALAHUDDIN,shalahuddin@tsrt.co.id,200400278,P@ssw0rd
202501089,DAIKIN INDUSTRIES INDONESIA,GREENLAND INTERNATIONAL INDUSTRIAL CENTER (GIIC) BLOK EI/01 PASIRANJI. CIKARANG PUSAT KAB. BEKASI JAWA BARAT 17530,ME,ito@tsrt.co.id,tio@tsrt.co.id,benny@tsrt.co.id,heriyanto@tsrt.co.id,ANDRY APRIONI SUBCHAN,andry@tsrt.co.id,201200240,P@ssw0rd
202501091,DATA CENTER CGK065 (SLO),KAWASAN INDUSTRI SCCI. JL. SURYA MADYA VII KAV 61-66 BC & B1-B2. MULYASEJATI KARAWANG TIMUR 41361,ME,ito@tsrt.co.id,tio@tsrt.co.id,benny@tsrt.co.id,heriyanto@tsrt.co.id,BUDHIAWAN CAHYO,budhi@tsrt.co.id,201100042,P@ssw0rd
202501092,SUGITY CREATIVES,MM 2100 INDUSTRIAL TOWN. BLOK J NO 17 1-20. CIKARANG BARAT - BEKASI,ME,ito@tsrt.co.id,tio@tsrt.co.id,benny@tsrt.co.id,senswedy@tsrt.co.id,RICKY FERNANDO,ricky@tsrt.co.id,201100049,P@ssw0rd
202501093, INDONESIA INTERNATIONAL AUTOMOTIVE PROVING GROUND,KAWASAN GREENLAND INTERNATIONAL INDUSTRI CENTER (GIIC) BLOK CD NO.3 KOTA DELTAMAS. DESA PASIR RANJI. CIKARANG PUSAT. BEKASI. JAWA BARAT-INDONESIA  ,ME,ito@tsrt.co.id,tio@tsrt.co.id,benny@tsrt.co.id,heriyanto@tsrt.co.id,BAMBANG MUZAR TANJUNG,bambang@tsrt.co.id,201000051,P@ssw0rd
202501094,FUSOH TUBE PARTS INDONESIA,KAWASAN INDUSTRI JABABEKA 6. BLOK B 3 DS. JATIREJA. KEC CIKARANG TIMUR. BEKASI 17530,ME,ito@tsrt.co.id,tio@tsrt.co.id,benny@tsrt.co.id,senswedy@tsrt.co.id,NUGRAHA ARDI SEPTIAN,nugraha@tsrt.co.id,201300183,P@ssw0rd
202501095,TMMIN#1-2,JL. PERMATA RAYA LOT DD I KAWASAN INDUSTRI KIIC KARAWANG,ME,ito@tsrt.co.id,tio@tsrt.co.id,benny@tsrt.co.id,heriyanto@tsrt.co.id,SAKAM,sakam@tsrt.co.id,200000039,P@ssw0rd
202501096,PICID MM2100,KAWASAN INDUSTRI MM2100 BLOK O-1 GANDA MEKAR GANDA MEKAR CIKARANG BARAT KAB BEKASI JAWA BARAT 17520,ME,ito@tsrt.co.id,tio@tsrt.co.id,benny@tsrt.co.id,senswedy@tsrt.co.id,RICKY FERNANDO,ricky@tsrt.co.id,201100049,P@ssw0rd
202501097,JIMBARAN GREENHILL VILLA R.14. R.15. R.16. R.17,JL. KARANG MAS SEJAHTERA NO. 1A. JIMBARAN. KUTA SELATAN. BALI 80361,ME,ito@tsrt.co.id,tio@tsrt.co.id,benny@tsrt.co.id,vebry@tsrt.co.id,CHRIS SANDRYAN,chris@tsrt.co.id,201300173,P@ssw0rd
202601002,DENSO INDONESIA,KAWASAN INDUSTRI MM2100 JL. KALIMANTAN BLOK E 1-2 GANDAMEKAR. CIKARANG BARAT. KAB. BEKASI. JAWA BARAT 17530,ME,ito@tsrt.co.id,tio@tsrt.co.id,benny@tsrt.co.id,senswedy@tsrt.co.id,RICKY FERNANDO,ricky@tsrt.co.id,201100049,P@ssw0rd
202601003,YPMI - VCB 20KV FORGING,JL.PERMATA RAYA LOT F2&F6 KAWASAN INDUSTRI KIIC PO.BOX 157. KARAWANG - JAWA BARAT 41361,ME,ito@tsrt.co.id,tio@tsrt.co.id,benny@tsrt.co.id,heriyanto@tsrt.co.id,SHALAHUDDIN,shalahuddin@tsrt.co.id,200400278,P@ssw0rd
202601004,SANKEI GOHSYU INDUSTRIES - COMPRESSOR,KAWASAN INDUSTRI MM2100 BLOK J NO.8 GANDA MEKAR CIKARANG BARAT BEKASI 17520,ME,ito@tsrt.co.id,tio@tsrt.co.id,benny@tsrt.co.id,senswedy@tsrt.co.id,ADE SUTRISNA,sutrisna@tsrt.co.id,201200005,P@ssw0rd
202601005,NAKAKIN INDONESIA,EJIP INDUSTRIAL PARK PLOT 5L-4. CIKARANG SELATAN. BEKASI 17550,ME,ito@tsrt.co.id,tio@tsrt.co.id,benny@tsrt.co.id,senswedy@tsrt.co.id,Edi Darmawan,edi_darmawan@tsrt.co.id,201300040,P@ssw0rd
202601006,TMMIN#3 - TNGA,JL. TRANS HEKSA LOT KJIE. TELUK JAMBE. KARAWANG BARAT,ME,ito@tsrt.co.id,tio@tsrt.co.id,benny@tsrt.co.id,heriyanto@tsrt.co.id,SAKAM,sakam@tsrt.co.id,200000039,P@ssw0rd
202601007,KANSAI PAINT INDONESIA,BLOK DD-7 & DD-6 KAWASAN INDUSTRI MM2100 DANAUINDAH CIKARANG BARAT KAB. BEKASI JAWA BARAT - 17530,ME,ito@tsrt.co.id,tio@tsrt.co.id,benny@tsrt.co.id,senswedy@tsrt.co.id,NUGRAHA ARDI SEPTIAN,nugraha@tsrt.co.id,201300183,P@ssw0rd
202601008,SHIN-ETSU POLYMER INDONESIA,KAWASAN INDUSTRI KIIC. JL. PERMATA RAYA LOT D-3. TELUKJAMBE. KARAWANG 41361,ME,ito@tsrt.co.id,tio@tsrt.co.id,benny@tsrt.co.id,heriyanto@tsrt.co.id,BUDHIAWAN CAHYO,budhi@tsrt.co.id,201100042,P@ssw0rd
202601009,SANKEI GOHSYU INDUSTRIES-1,KAWASAN INDUSTRI MM2100 BLOK J NO.8 GANDA MEKAR CIKARANG BARAT BEKASI 17520,ME,ito@tsrt.co.id,tio@tsrt.co.id,benny@tsrt.co.id,senswedy@tsrt.co.id,ADE SUTRISNA,sutrisna@tsrt.co.id,201200005,P@ssw0rd
202601010,GS ELECTECH INDONESIA OFFICE RENOVATION,KAWASAN INDUSTRI MM2100 BLOK QQ-4 GANDA MEKAR CIKARANG BARAT BEKASI 17520,ME,ito@tsrt.co.id,tio@tsrt.co.id,benny@tsrt.co.id,heriyanto@tsrt.co.id,ANDRY APRIONI SUBCHAN,andry@tsrt.co.id,201200240,P@ssw0rd
202601011,MIYUKI INDONESIA (PREVENTIVE MAINTENANCE),KAWASAN INDUSTRI KIIC. JL. MALIGI VII LOT.Q-1B SAKALUYU TELUK JAMBE- KARAWANG,ME,ito@tsrt.co.id,tio@tsrt.co.id,benny@tsrt.co.id,heriyanto@tsrt.co.id,BUDHIAWAN CAHYO,budhi@tsrt.co.id,201100042,P@ssw0rd
202601012,JOTUN SOLVENT BASED PRE-WEIGHING RELOCATION,KAWASAN INDUSTRI MM2100 BLOK KK-1. JATIWANGI CIKARANG BARAT. KAB. BEKASI. JAWA BARAT 17846,ME,ito@tsrt.co.id,tio@tsrt.co.id,benny@tsrt.co.id,vebry@tsrt.co.id,ROY MAINDRA,roy@taiyosinar.com,200900150,P@ssw0rd
202601013,SUGITY CREATIVES - KARAWANG (NEW LINE PAINTING),KAWASAN INDUSTRI KIIC. JL. PERMATA 3. TELUKJAMBE TIMUR. KABUPATEN KARAWANG. JAWA BARAT 41361,ME,ito@tsrt.co.id,tio@tsrt.co.id,benny@tsrt.co.id,heriyanto@tsrt.co.id,SHALAHUDDIN,shalahuddin@tsrt.co.id,200400278,P@ssw0rd
202601014,SUGITY CREATIVES - KARAWANG (SUBSTATION UTILITY),KAWASAN INDUSTRI KIIC. JL. PERMATA 3. TELUKJAMBE TIMUR. KABUPATEN KARAWANG. JAWA BARAT 41361,ME,ito@tsrt.co.id,tio@tsrt.co.id,benny@tsrt.co.id,heriyanto@tsrt.co.id,SHALAHUDDIN,shalahuddin@tsrt.co.id,200400278,P@ssw0rd
202601015,NGK CERAMICS INDONESIA,KAWASAN EJIP INDUSTRIAL PARK PLOT 13. SUKARESMI CIKARANG SELATAN. KAB. BEKASI. JAWA BARAT. 17857,ME,ito@tsrt.co.id,tio@tsrt.co.id,benny@tsrt.co.id,senswedy@tsrt.co.id,RICKY FERNANDO,ricky@tsrt.co.id,201100049,P@ssw0rd
202601016,PICID CIMANGGIS - M/C CHEMICAL FORMING F-3,JL. RAYA JAKARTA BOGOR KM. 35 SUKAMAJU BARU TAPOS DEPOK JAWA BARAT 16455,ME,ito@tsrt.co.id,tio@tsrt.co.id,benny@tsrt.co.id,lutherson@tsrt.co.id,HARUN RAHARJO,harun@tsrt.co.id,201100196,P@ssw0rd
202601017,FUJI SEAT INDONESIA SC#1,JL. SURYA MADYA IV KAV 1-30 KAWASAN INDUSTRI SURYA CIPTA KARAWANG TIMUR KARAWANG INDONESIA 41363,ME,ito@tsrt.co.id,tio@tsrt.co.id,benny@tsrt.co.id,heriyanto@tsrt.co.id,BAMBANG MUZAR TANJUNG,bambang@tsrt.co.id,201000051,P@ssw0rd
202601018,RAYOVAC BATTERY INDONESIA,KAWASAN INDUSTRI MM2100. BLOK MM-1. JATIWANGI. BEKASI 17520,ME,ito@tsrt.co.id,tio@tsrt.co.id,benny@tsrt.co.id,senswedy@tsrt.co.id,RICKY FERNANDO,ricky@tsrt.co.id,201100049,P@ssw0rd
202601019,PICID CIMANGGIS - LIGHTING POLY-B FTY#1,JL. RAYA JAKARTA BOGOR KM. 35 SUKAMAJU BARU TAPOS DEPOK JAWA BARAT 16455,ME,ito@tsrt.co.id,tio@tsrt.co.id,benny@tsrt.co.id,lutherson@tsrt.co.id,HARUN RAHARJO,harun@tsrt.co.id,201100196,P@ssw0rd
202601020,YPMI - LOAD BANK GENSET,JL.PERMATA RAYA LOT F2&F6 KAWASAN INDUSTRI KIIC PO.BOX 157. KARAWANG - JAWA BARAT 41361,ME,ito@tsrt.co.id,tio@tsrt.co.id,benny@tsrt.co.id,heriyanto@tsrt.co.id,SHALAHUDDIN,shalahuddin@tsrt.co.id,200400278,P@ssw0rd
202601021,SURABAYA AUTOCOMP INDONESIA ADDITIONAL AC MEZZANINE,NGORO INDUSTRI PERSADA T-1. NGORO-NGORO.KAB.MOJOKERTO 61385,ME,ito@tsrt.co.id,tio@tsrt.co.id,benny@tsrt.co.id,vebry@tsrt.co.id,FARISKI HADI SAPUTRO,fariski@tsrt.co.id,201200250,P@ssw0rd
202601022,KAWANISHI WAREHOUSE INDONESIA,KAWASAN MM2100 JL. ARU M-3 SUKASEJATI CIKARANG SELATAN KAB. BEKASI JAWA BARAT,ME,ito@tsrt.co.id,tio@tsrt.co.id,benny@tsrt.co.id,senswedy@tsrt.co.id,NUGRAHA ARDI SEPTIAN,nugraha@tsrt.co.id,201300183,P@ssw0rd
202601023,PEMI - SPRINKLER & FA WORKS,JL. RAYA SERANG KM 24 BALARAJA BALARAJA KAB. TANGERANG BANTEN,ME,ito@tsrt.co.id,tio@tsrt.co.id,benny@tsrt.co.id,lutherson@tsrt.co.id,MAULIDYAS GHESIT TRENGGINAS KUSPUTRA I.           ,maulidyas@tsrt.co.id,201200121,P@ssw0rd
202601024,DENSO INDONESIA,KAWASAN INDUSTRI MM2100. JL. SELAYAR III BLOK K-2. TELAJUNG CIKARANG BARAT. KAB. BEKASI. JAWA BARAT. INDONESIA 17530,ME,ito@tsrt.co.id,tio@tsrt.co.id,benny@tsrt.co.id,senswedy@tsrt.co.id,RICKY FERNANDO,ricky@tsrt.co.id,201100049,P@ssw0rd
202601025,SUGITY CREATIVES - KARAWANG,KAWASAN INDUSTRI KIIC. JL. PERMATA 3. TELUKJAMBE TIMUR. KABUPATEN KARAWANG. JAWA BARAT 41361,ME,ito@tsrt.co.id,tio@tsrt.co.id,benny@tsrt.co.id,heriyanto@tsrt.co.id,SHALAHUDDIN,shalahuddin@tsrt.co.id,200400278,P@ssw0rd
202601026,SUMMITMAS II - RENOVATION TOILET 16TH FLOOR,JL.JEND.SUDIRMAN KAV 61-62. KEL. SENAYAN KEBAYORAN BARU JAKARTA SELATAN DKI JAKARTA - 12190,ME,ito@tsrt.co.id,tio@tsrt.co.id,benny@tsrt.co.id,lutherson@tsrt.co.id,MAULIDYAS GHESIT TRENGGINAS KUSPUTRA I.           ,maulidyas@tsrt.co.id,201200121,P@ssw0rd
202601027,DATA CENTER CGK-060,KAWASAN INDUSTRI SCCI. JL. SURYA MADYA VII KAV 61-66 BC & B1-B2. MULYASEJATI KARAWANG TIMUR 41361,ME,ito@tsrt.co.id,tio@tsrt.co.id,benny@tsrt.co.id,heriyanto@tsrt.co.id,BUDHIAWAN CAHYO,budhi@tsrt.co.id,201100042,P@ssw0rd
202601028,DATA CENTER CGK-062,KAWASAN INDUSTRI KIIC. JL. INDUSTRI II LOT MM 21 - 22. DESA MARGAMULYA KECAMATAN TELUKJAMBE BARAT. KARAWANG JAWA BARAT 41361,ME,ito@tsrt.co.id,tio@tsrt.co.id,benny@tsrt.co.id,heriyanto@tsrt.co.id,BUDHIAWAN CAHYO,budhi@tsrt.co.id,201100042,P@ssw0rd
202601029,SENTRAL SENAYAN II - REINSTATE MEP AT 27TH FLOOR,JL. ASIA AFRIKA NO. 8 GELORA BUNG KARNO - SENAYAN JAKARTA PUSAT 10270,ME,ito@tsrt.co.id,tio@tsrt.co.id,benny@tsrt.co.id,lutherson@tsrt.co.id,PERMANA,permana@tsrt.co.id,200600133,P@ssw0rd
202601030,SUBANG AUTOCOMP INDONESIA,JL. RAYA PURWAKARTA - SUBANG KM 22 RT.009 RW.003 WANTILAN CIPEUNDEUY SUBANG JAWA BARAT  ,ME,ito@tsrt.co.id,tio@tsrt.co.id,benny@tsrt.co.id,heriyanto@tsrt.co.id,RIZKA RAHMAN,rizka@tsrt.co.id,201100145,P@ssw0rd
202601031,YKK ZIPPER INDONESIA,KP. MERIUK. DS. GANDASARI. KEC. CIKARANG BARAT. BEKASI 17520,ME,ito@tsrt.co.id,tio@tsrt.co.id,benny@tsrt.co.id,senswedy@tsrt.co.id,RICKY FERNANDO,ricky@tsrt.co.id,201100049,P@ssw0rd
202601032,PICID MM2100 STEP-3 & STEP-4,KAWASAN INDUSTRI MM2100 BLOK O-1 GANDA MEKAR GANDA MEKAR CIKARANG BARAT KAB BEKASI JAWA BARAT 17520,ME,ito@tsrt.co.id,tio@tsrt.co.id,benny@tsrt.co.id,senswedy@tsrt.co.id,RICKY FERNANDO,ricky@tsrt.co.id,201100049,P@ssw0rd
202601033,TELUS DIGITAL,JALAN IMAM BONJOL. 502. PEMECUTAN KELOD. DENPASAR BARAT. KOTA DENPASAR. BALI. 80119,ME,ito@tsrt.co.id,tio@tsrt.co.id,benny@tsrt.co.id,vebry@tsrt.co.id,ADHITYA WISNU NUGROHO,adhitya@tsrt.co.id,201200118,P@ssw0rd
202601034,BSIN KARAWANG,KAWASAN INDUSTRI SURYA CIPTA KAV. 8-13. CIAMPEL. KUTANEGARA. KEC. CIAMPEL. KAB. KARAWANG. JAWA BARAT 41363,ME,ito@tsrt.co.id,tio@tsrt.co.id,benny@tsrt.co.id,heriyanto@tsrt.co.id,RIZKA RAHMAN,rizka@tsrt.co.id,201100145,P@ssw0rd
202601035,CENTRAL MOTOR WHEEL INDONESIA,KAWASAN INDUSTRI SURYACIPTA JL. SURYA MADYA VI. KAV 1-59. DS. KUTANEGARA. KEC. CIAMPEL. KARAWANG,ME,ito@tsrt.co.id,tio@tsrt.co.id,benny@tsrt.co.id,heriyanto@tsrt.co.id,BAMBANG MUZAR TANJUNG,bambang@tsrt.co.id,201000051,P@ssw0rd
202601036,JST INDONESIA,KAWASAN INDUSTRI MM2100. BLOK GG-4. CIKARANG BARAT. BEKASI 17520,ME,ito@tsrt.co.id,tio@tsrt.co.id,benny@tsrt.co.id,senswedy@tsrt.co.id,NUGRAHA ARDI SEPTIAN,nugraha@tsrt.co.id,201300183,P@ssw0rd
202601037,SUGITY CREATIVES ,KAWASAN INDUSTRI MM2100 JL. BALI BLOK J-17. GANDA MEKAR. CIKARANG BARAT. BEKASI. JAWA BARAT 17520,ME,ito@tsrt.co.id,tio@tsrt.co.id,benny@tsrt.co.id,senswedy@tsrt.co.id,RICKY FERNANDO,ricky@tsrt.co.id,201100049,P@ssw0rd
202601038,MANAGEMENT OFFICE RENOVATION - PLAZA SENAYAN,JL. ASIA AFRIKA NO. 8 GELORA BUNG KARNO - SENAYAN JAKARTA PUSAT 10270,ME,ito@tsrt.co.id,tio@tsrt.co.id,benny@tsrt.co.id,lutherson@tsrt.co.id,Bayu Herdiansyah,bayu_herdi@tsrt.co.id,201200043,P@ssw0rd
202601039,SANKEI GOHSYU INDUSTRIES-2,KAWASAN INDUSTRI MM2100 BLOK J NO.8 GANDA MEKAR CIKARANG BARAT BEKASI 17520,ME,ito@tsrt.co.id,tio@tsrt.co.id,benny@tsrt.co.id,senswedy@tsrt.co.id,ADE SUTRISNA,sutrisna@tsrt.co.id,201200005,P@ssw0rd
202601040,AISAN NASMOCO INDUSTRI-1,JL. CITANDUY 5. SUKARESMI. CIKARANG SELATAN. BEKASI. JAWA BARAT 17530,ME,ito@tsrt.co.id,tio@tsrt.co.id,benny@tsrt.co.id,senswedy@tsrt.co.id,Edi Darmawan,edi_darmawan@tsrt.co.id,201300040,P@ssw0rd
202601041,FCC INDONESIA,KAWASAN INDUSTRI KIIC JL.MALIGI III LOT J-1 TELUKJAMBE KARAWANG 41361,ME,ito@tsrt.co.id,tio@tsrt.co.id,benny@tsrt.co.id,heriyanto@tsrt.co.id,SHALAHUDDIN,shalahuddin@tsrt.co.id,200400278,P@ssw0rd
202601042,SURABAYA AUTOCOMP INDONESIA,NGORO INDUSTRI PERSADA T-1. NGORO-NGORO.KAB.MOJOKERTO 61385,ME,ito@tsrt.co.id,tio@tsrt.co.id,benny@tsrt.co.id,vebry@tsrt.co.id,FARISKI HADI SAPUTRO,fariski@tsrt.co.id,201200250,P@ssw0rd
202601043,PLAZA SENAYAN YOKOCHO,JL. ASIA AFRIKA NO. 8 GELORA BUNG KARNO - SENAYAN JAKARTA PUSAT 10270,ME,ito@tsrt.co.id,tio@tsrt.co.id,benny@tsrt.co.id,lutherson@tsrt.co.id,Bayu Herdiansyah,bayu_herdi@tsrt.co.id,201200043,P@ssw0rd
202601044,CATALER INDONESIA - EXPANSION PROJECT,BLOK AE NO.2 GIIC KOTA DELTAMAS. JL. TOL JAKARTA-CIKAMPEK KM.37. CIKARANG PUSAT. BEKASI,ME,ito@tsrt.co.id,tio@tsrt.co.id,benny@tsrt.co.id,heriyanto@tsrt.co.id,BUDHIAWAN CAHYO,budhi@tsrt.co.id,201100042,P@ssw0rd
202601045,SUMI RUBBER INDONESIA,KAWASAN INDUSTRI INDOTAISEI BLOK H SEKTOR 1A KALIHURIP CIKAMPEK KARAWANG 41373,ME,ito@tsrt.co.id,tio@tsrt.co.id,benny@tsrt.co.id,heriyanto@tsrt.co.id,DINI CAHYO NUGROHO,dini@tsrt.co.id,200900139,P@ssw0rd
202601046,MURAMOTO ELEKTRONIKA INDONESIA,EAST JAKARTA INDUSTRIAL PARK PLOT 9J. SUKARESMI. CIKARANG SELATAN. KAB. BEKASI. JAWA BARAT. 17857  ,ME,ito@tsrt.co.id,tio@tsrt.co.id,benny@tsrt.co.id,senswedy@tsrt.co.id,Edi Darmawan,edi_darmawan@tsrt.co.id,201300040,P@ssw0rd
202601047,JAYA YASUDA INDONESIA,JL. ARU BLOK M2. KAWASAN INDUSTRI BEKASI FAJAR (MM2100). JAWA BARAT,ME,ito@tsrt.co.id,tio@tsrt.co.id,benny@tsrt.co.id,heriyanto@tsrt.co.id,ANDRY APRIONI SUBCHAN,andry@tsrt.co.id,201200240,P@ssw0rd
202601048,HYUNDAI MOTOR MANUFACTURING INDONESIA,GREENLAND INTERNATIONAL INDUSTRIAL CENTER KOTA DELTAMAS LOT DG. ZONE D. SUKAMUKTI. BOJONGMANGU KAB. BEKASI. JAWA BARAT 17353,ME,ito@tsrt.co.id,tio@tsrt.co.id,benny@tsrt.co.id,heriyanto@tsrt.co.id,RIZKA RAHMAN,rizka@tsrt.co.id,201100145,P@ssw0rd
